ANF01	4
ANF03	4
ANF04	4
CN04	4
CN05	4
CN07	4
CN08	4
CN10	4
CN14	4
CN15	4
CN17	4
CN18	4
CN19	4
CU03	4
CU10	4
CU13	4
CU14	4
CU15	4
CU17	4
CU18	4
CU20	4
FH02	4
FH06	4
FH07	4
FH08	4
FH11	4
FH14	4
FH17	4
FH19	4
FH20	4
FH21	4
FH23	4
FL01	4
FL02	4
HF01	4
HF02	4
HF03	4
HF04	4
HH01	4
HH02	4
HH03	4
HH05	4
HH06	4
HH09	4
HH11	4
HH12	4
HH13	4
HH14	4
HH15	4
HH17	4
HH19	4
HH20	4
HH21	4
HH22	4
HH23	4
HH24	4
HH27	4
HH28	4
HH29	4
HH30	4
HH31	4
HH32	4
HH34	4
HH36	4
HH37	4
HP01	4
HP02	4
HP03	4
HP04	4
HP05	4
HP08	4
HP09	4
HP10	4
HP11	4
HP12	4
HP13	4
HP14	4
JC01	4
KEM07	4
KEM11	4
KEM12	4
KEM13	4
KEM14	4
KEM15	4
KEM16	4
KEM17	4
KEM18	4
KEM19	4
KU02	4
KU03	4
KU04	4
KU05	4
KU06	4
KU07	4
KU08	4
KU09	4
KU10	4
KU11	4
KU13	4
KU14	4
KU17	4
KU18	4
KU19	4
KU20	4
KU21	4
KU22	4
KU24	4
KU25	4
KU26	4
KU27	4
KU28	4
KU29	4
KU31	4
KU32	4
KU33	4
KU34	4
KU36	4
KU38	4
KU41	4
KU42	4
KU45	4
KU46	4
KU47	4
KU48	4
KU49	4
KU51	4
KU52	4
KU53	4
KU54	4
KU55	4
KU56	4
KU57	4
KU63	4
KU64	4
KU65	4
KU67	4
KU68	4
KU71	4
KU72	4
KU73	4
KU74	4
KU75	4
KU76	4
KU77	4
KU78	4
KU79	4
KU81	4
KU82	4
KU86	4
KU88	4
KU89	4
KU91	4
LW01	4
LW02	4
LW03	4
LW04	4
LW05	4
MA02	4
MA04	4
MA09	4
MA11	4
MA12	4
MA15	4
MA16	4
ME01	4
ME02	4
ME03A	4
ME03B	4
ME04	4
ME05	4
ME06	4
ME07	4
ME08	4
ME09	4
ME10	4
ME11	4
ME12A	4
ME12B	4
ME13	4
ME14	4
MG01	4
MG02	4
MH001	4
MH006	4
MH007	4
MH008	4
MH009	4
MH010	4
MH011	4
MH015	4
MH016	4
MH017	4
MH018	4
MH020	4
MH022	4
MH023	4
MH030	4
MH032	4
MH035	4
MH039	4
MH041	4
MH045	4
MH046	4
MH048	4
MH052	4
MH053	4
MH058	4
MH059	4
MH060	4
MH061	4
MH063	4
MH064	4
MH065	4
MH066	4
MH068	4
MH069	4
MH071	4
MH072	4
MH074	4
MH075	4
MH077	4
MH079	4
MH080	4
MH081	4
MH082	4
MH083	4
MH084	4
MH085	4
MH086	4
MH087	4
MH088	4
MH090A	4
MH090B	4
MH091	4
MH092	4
MH093	4
MH101	4
MH102	4
MH103	4
MH104	4
MH105A	4
MH140	4
MH142	4
MH145	4
MH146	4
MH148	4
MH149	4
MH151	4
MI01	4
MI02	4
MI03	4
MI04	4
MI05	4
MS03	4
MS100	4
MS13	4
MS26	4
MS35	4
MS46	4
MS55	4
MS61	4
MS73	4
MS93	4
NA01	4
NA03	4
NA04	4
NA05	4
NA10	4
NA11	4
NA12	4
NA13	4
NA14	4
NA15	4
NA17	4
NA18	4
NA19	4
NA21	4
NA23	4
NA24	4
NA25	4
NA26	4
NA27	4
NA29	4
NA30	4
NA31	4
NA33	4
NA34	4
NA35	4
NA36	4
NA37	4
NA38	4
NA40	4
NEBC01	4
NEBC02	4
NEBC03	4
NEBC05	4
NEBC06	4
NEBC07	4
NEBC08	4
NEBC09	4
NF09	4
NF13	4
NF17	4
NF21	4
NF25	4
NF33	4
NF41	4
NF45	4
NF51	4
NH01	4
NH02	4
NY01	4
NY02	4
NY04	4
NY05	4
NY06	4
NY07	4
NY08	4
NY10	4
NY11	4
NY12	4
NY13	4
NY14	4
NY15	4
NY17	4
NY19	4
NY20	4
NY21	4
NY22	4
NY23	4
NY24	4
NY25	4
NY26	4
NY27	4
NY30	4
NY31	4
NY32	4
NY33	4
NY38	4
NY41	4
NY42	4
NY43	4
NY44	4
NY45	4
NY47	4
NY50	4
NY53	4
NY56	4
NY61	4
NY62	4
NY63	4
NY64	4
NY65	4
NY66	4
NY67	4
NY70	4
NYS01	4
NYS02	4
NYS03	4
NYS04	4
NYS05	4
NYS06	4
NYS07	4
NYS08	4
NYS09	4
NYS10	4
NYS11	4
NYS12	4
NYS13	4
NYS16	4
NYS22	4
NYS23	4
NYS29	4
OH01	4
OH02	4
OH03	4
OH04	4
OH05	4
OH06	4
OH07	4
PC01	4
PH01	4
PH04	4
RY02	4
RY04	4
SH04	4
SH05	4
SH06	4
SH07	4
SH08	4
SH09	4
SH11	4
SH12	4
SH14	4
SH15	4
SH19	4
SH21	4
SH23	4
SH24	4
SH25	4
SH26	4
SH27	4
SH28	4
SH29	4
SH30	4
SH31	4
SH33	4
SH34	4
SH35	4
SH37	4
SH38	4
SH42	4
SH43	4
SH46	4
SH47	4
SH48	4
SH49	4
SH50	4
SH51	4
SH52	4
SH55	4
SM01	4
SM02	4
SM03	4
SM04	4
SM05	4
SM06	4
SM07	4
SM08	4
SM09	4
SM10	4
SM11	4
SM12	4
SM13	4
SM14	4
SM15	4
SM16	4
SM17	4
SNF93	4
SNY01	4
SNY04	4
SNY07	4
SS01	4
SU288	4
SU347	4
SU384	4
TS01	4
TS02	4
TS03	4
TS04	4
TS05	4
TS06	4
TS07	4
TS08	4
TS09	4
TS10	4
TS11	4
UE05	4
VT01	4
VT02	4
VT03	4
VT04	4
VT05	4
VT06	4
VT07	4
WYA01	4
WYA05	4
FH05	2
HH04	2
HH08	2
HH10	2
HH16	2
HH25	2
HH26	2
HH33	2
HH35	2
JC02	2
JC03	2
JC04	2
JC05	2
JC06	2
JC07	2
JC08	2
JC09	2
KU01	2
KU12	2
KU15	2
KU23	2
KU30	2
KU35	2
KU39	2
KU40	2
KU44	2
KU59	2
KU60	2
KU62	2
KU69	2
KU84	2
KU85	2
KU90	2
KU92	2
MH019	2
MH034	2
MH040	2
MH042	2
MH051	2
MH054	2
MH056	2
MH057	2
MH076	2
MH078	2
MH107	2
MH141	2
MH144	2
NA02	2
NA06	2
NA07	2
NA08	2
NA09	2
NA16	2
NA20	2
NA22	2
NA32	2
NA39	2
NY03	2
NY16	2
NY28	2
NY34	2
NY35	2
NY36	2
NY51	2
NY52	2
NY54	2
NY57	2
NY58	2
RY01	2
SH01	2
SH10	2
SH13	2
SH18	2
SH39	2
SH40	2
SH44	2
SH54	2
UE03	2
